date,dataset,strategy_return,strategy_equity,strategy_cum_pnl,benchmark_cum_pnl,benchmark_equity
2015-04-07,Train,0.002222052441120161,1.00222205244112,0.0022220524411200593,0.004457466737115112,1.0044574667371151
2015-04-08,Train,0.0030179163839283572,1.0052466747935165,0.0052466747935164815,0.009683462222008776,1.0096834622220088
2015-04-09,Train,-0.004210708932426776,1.001013873640671,0.0010138736406710702,0.005057879821317002,1.005057879821317
2015-04-10,Train,0.0014002784293504409,1.0024155717754106,0.00241557177541063,0.006695806715020014,1.00669580671502
2015-04-13,Train,0.0047670542611774145,1.0071941411983134,0.0071941411983134085,0.011878572457850956,1.011878572457851
2015-04-14,Train,-0.0005675603575653589,1.0066224977313971,0.0066224977313971145,0.011090830491377934,1.011090830491378
2015-04-15,Train,-0.011452973209826885,0.9950936772324704,-0.004906322767529558,-0.00034583793650033723,0.9996541620634997
2015-04-16,Train,0.008100579043354053,1.003154512220434,0.003154512220433947,0.008886113646188853,1.0088861136461889
2015-04-17,Train,0.00011039267242380278,1.0032652531278918,0.0032652531278918318,0.007392285892694472,1.0073922858926945
2015-04-20,Train,0.003453054531776213,1.0067295827567786,0.006729582756778596,0.012517411979442228,1.0125174119794422
2015-04-21,Train,0.002096072963593568,1.0088397614168447,0.008839761416844727,0.0149046544022291,1.014904654402229
2015-04-22,Train,0.000123032761212354,1.0089638817583126,0.008963881758312642,0.017191027426870287,1.0171910274268703
2015-04-23,Train,-0.005311350497126526,1.0036049209433529,0.0036049209433528517,0.012978529228109492,1.0129785292281095
2015-04-24,Train,0.0014860108134157153,1.005096288708272,0.0050962887082719455,0.015783659157500907,1.015783659157501
2015-04-27,Train,-0.004978294768702778,1.000092623112153,9.262311215296748e-05,0.01198424516067087,1.0119842451606709
2015-04-28,Train,-0.009216076699907526,0.9908756927905397,-0.009124307209460336,0.001733992987175581,1.0017339929871756
2015-04-29,Train,0.012085003662499616,1.002850429166995,0.002850429166995072,0.012675921033671544,1.0126759210336715
2015-04-30,Train,0.003787131486220873,1.0066483556032635,0.006648355603263489,0.015653969931313183,1.0156539699313132
2015-05-01,Train,-0.013217226626878329,0.9933432561536808,-0.006656743846319202,0.0036312983332538185,1.0036312983332538
2015-05-04,Train,-0.0029307613642402053,0.9904320041171171,-0.00956799588288293,-0.0008405783178820903,0.9991594216821179
2015-05-05,Train,0.006071376544180566,0.9964452897555196,-0.003554710244480397,0.0029300158509060203,1.002930015850906
2015-05-06,Train,0.01132349041774584,1.0077285284458743,0.00772852844587435,0.016427301983765297,1.0164273019837653
2015-05-07,Train,-0.003766141576931504,1.0039332801366343,0.003933280136634298,0.011254142850281479,1.0112541428502815
2015-05-08,Train,-0.0031640512621701673,1.0007567837744833,0.0007567837744832939,0.008271290647966278,1.0082712906479663
2015-05-11,Train,-0.0012096197441707325,0.9995462486097169,-0.0004537513902831414,0.007963879148854991,1.007963879148855
2015-05-12,Train,0.009865448920076883,1.0094072210686305,0.009407221068630456,0.018828954320573077,1.018828954320573
2015-05-13,Train,0.002378434254522317,1.0118080297799823,0.011808029779982299,0.019611892982372314,1.0196118929823723
2015-05-14,Train,0.004377961182761109,1.016237686058765,0.016237686058764966,0.022719631106201454,1.0227196311062015
2015-05-15,Train,-0.0003575897902035377,1.0158742898378104,0.015874289837810363,0.022061578365916157,1.0220615783659162
2015-05-18,Train,-0.0009510591456348607,1.0149081333036447,0.01490813330364471,0.021110524040540257,1.0211105240405403
2015-05-19,Train,0.0022445875152825668,1.0171861834288167,0.017186183428816726,0.023497766463327352,1.0234977664633274
2015-05-20,Train,-0.0017986845382772926,1.015356586368134,0.015356586368133973,0.021211393438686388,1.0212113934386864
2015-05-21,Train,-0.01072142577437896,1.0044705160928613,0.00447051609286131,0.010711369422162997,1.010711369422163
2015-05-22,Train,0.007916399659994869,1.0124223061449338,0.012422306144933781,0.01997214083289367,1.0199721408328937
2015-05-26,Train,-0.0013608880734773243,1.0110445127031786,0.011044512703178633,0.018680051875691106,1.018680051875691
2015-05-27,Train,-0.0059780473305657824,1.0050004407529303,0.005000440752930269,0.012243623613046317,1.0122436236130463
2015-05-28,Train,0.0018700988875150282,1.0068798909591345,0.006879890959134549,0.014328257841395464,1.0143282578413955
2015-05-29,Train,0.0001239840526188827,1.0070047280085161,0.007004728008516148,0.013305153945915249,1.0133051539459152
2015-06-01,Train,0.0010029450943474286,1.008014698460457,0.008014698460456993,0.015452231135021366,1.0154522311350214
2015-06-02,Train,-0.008263524984986925,0.9996849438144949,-0.0003150561855050915,0.006695806715020458,1.0066958067150205
2015-06-03,Train,-0.001310038804725642,0.9983753177455978,-0.0016246822544021544,0.005250012008262139,1.0052500120082621
2015-06-04,Train,-0.006623931676211596,0.991762147853635,-0.008237852146364966,-0.001258465824486743,0.9987415341755133
2015-06-05,Train,-0.0011942628672739952,0.9905777231472855,-0.009422276852714462,-0.0008405783178822013,0.9991594216821178
2015-06-08,Train,0.010822786641470988,1.0012985344967027,0.0012985344967026968,0.011191699889524287,1.0111916998895243
2015-06-09,Train,0.003274303983358274,1.0045770902767361,0.00457709027673614,0.012949709400067677,1.0129497094000677
2015-06-10,Train,-0.005696968176705374,0.9988540465623823,-0.0011459534376176972,0.005864835006484936,1.005864835006485
2015-06-11,Train,-0.005644732433425327,0.9932157827294935,-0.006784217270506487,0.0012152360824251307,1.0012152360824251
2015-06-12,Train,0.0057037672040386135,0.9988808543375595,-0.001119145662440535,0.006911955425333183,1.0069119554253332
2015-06-15,Train,0.0035999400235284624,1.0024767655038256,0.0024767655038255842,0.008905326864883545,1.0089053268648835
2015-06-16,Train,0.010200734943670142,1.012702765275918,0.01270276527591796,0.01889620058600361,1.0188962005860036
2015-06-17,Train,-0.004479098352735286,1.00816676998816,0.008166769988160016,0.013492482828186159,1.0134924828281862
2015-06-18,Train,0.004320294822323441,1.0125223476645786,0.012522347664578604,0.0196695326384555,1.0196695326384555
2015-06-19,Train,-0.0013155914859409366,1.011190281884666,0.011190281884666087,0.020317978769393452,1.0203179787693935
2015-06-22,Train,-0.008499931652146839,1.0025952336013313,0.0025952336013312927,0.01281521686920617,1.0128152168692062
2015-06-23,Train,-0.005315134564759655,0.9972663050207536,-0.0027336949792463594,0.009803544838849376,1.0098035448388494
2015-06-24,Train,0.0007143036745577949,0.9979786560069427,-0.002021343993057312,0.009409673855612866,1.0094096738556129
2015-06-25,Train,-0.021087897647897178,0.9769333842542822,-0.023066615745717778,-0.011652817138190774,0.9883471828618092
2015-06-26,Train,0.0033951702028996293,0.9802502393707202,-0.0197497606292798,-0.009025409481723035,0.990974590518277
2015-06-29,Train,0.006519773013676435,0.9866412484280191,-0.013358751571980854,-0.0021518804937792346,0.9978481195062208
2015-06-30,Train,-5.617622744807179e-05,0.9865858226448379,-0.013414177355162149,-0.002459291992890522,0.9975407080071095
2015-07-01,Train,-0.004631804250197305,0.9820161502383271,-0.017983849761672888,-0.006311542341130183,0.9936884576588698
2015-07-02,Train,0.007936635375985747,0.9898100543560979,-0.010189945643902076,-0.00026898506172201575,0.999731014938278
2015-07-06,Train,-0.01706770626110584,0.9729162670940588,-0.027083732905941238,-0.016917239060473155,0.9830827609395268
2015-07-07,Train,0.0029405107505357316,0.97577713783682,-0.024222862163180037,-0.01469330899658916,0.9853066910034108
2015-07-08,Train,0.011169901049651224,0.9866764719129693,-0.013323528087030745,-0.0025361448676683995,0.9974638551323316
2015-07-09,Train,0.009541236607876088,0.9960905855869152,-0.0039094144130847885,0.00850184927229991,1.0085018492723
2015-07-10,Train,0.004324417908663369,1.0003980975538784,0.00039809755387842927,0.012992939142130178,1.0129929391421302
2015-07-13,Train,-0.0035279002667074778,0.9968687928387044,-0.003131207161295557,0.012248426917719879,1.0122484269177199
2015-07-14,Train,0.0053919891741410104,1.0022438985777298,0.002243898577729775,0.020361208511456397,1.0203612085114564
2015-07-15,Train,-0.005935232052861976,0.9962953484661059,-0.003704651533894099,0.02148998510975586,1.0214899851097559
2015-07-16,Train,-0.002766164501645535,0.9935394316400243,-0.00646056835997566,0.022277727076229104,1.022277727076229
2015-07-17,Train,-0.004154287872006803,0.9894119828288017,-0.010588017171198283,0.0179211297372599,1.01792112973726
2015-07-20,Train,0.0004563849758944562,0.9898635355927348,-0.010136464407265233,0.015490657572410527,1.0154906575724105
2015-07-21,Train,-0.0042577416457027645,0.985648952393679,-0.014351047606320999,0.009726691964071943,1.009726691964072
2015-07-22,Train,-0.010388028194865857,0.9754100032859735,-0.024589996714026507,-0.001080743551562846,0.9989192564484372
2015-07-23,Train,-0.006283267909156514,0.9692812409140564,-0.03071875908594357,-0.006849512464575103,0.9931504875354249
2015-07-24,Train,0.013169534802675693,0.9820462239498547,-0.017953776050145254,0.0054517508045541785,1.0054517508045542
2015-07-27,Train,0.009559995452760622,0.991434581385216,-0.008565418614783993,0.012810413564533274,1.0128104135645333
2015-07-28,Train,0.001729877758609278,0.9931496420166703,-0.006850357983329669,0.012839233392574867,1.0128392333925749
2015-07-29,Train,-0.0007483999216691563,0.9924063689023792,-0.00759363109762079,0.010538450453912995,1.010538450453913
2015-07-30,Train,-0.00392956626616244,0.9885066423128156,-0.011493357687184402,0.007752533743215828,1.0077525337432158
2015-07-31,Train,-0.0008697667331120802,0.9876468721198716,-0.012353127880128434,0.005485373937269333,1.0054853739372693
2015-08-03,Train,0.003035117374218622,0.9906444963010353,-0.009355503698964651,0.008617128584466505,1.0086171285844665
2015-08-04,Train,-0.003427919498612211,0.9872486467159721,-0.012751353284027878,0.0007973485758203669,1.0007973485758204
2015-08-05,Train,-0.0026093878802857387,0.9846725320624029,-0.015327467937597095,-0.002079830923675252,0.9979201690763247
2015-08-06,Train,0.016156221893820825,1.0005811199831536,0.0005811199831535774,0.010701762812815208,1.0107017628128152
2015-08-07,Train,-0.01030275384947879,0.9902723789975314,-0.0097276210024686,0.0010423171141746845,1.0010423171141747
2015-08-10,Train,0.002070389062966874,0.9923226281003662,-0.0076773718996338,0.001993371439550584,1.0019933714395506
2015-08-11,Train,-0.002546533663812224,0.989795645122546,-0.01020435487745397,0.0007156923963687056,1.0007156923963687
2015-08-12,Train,0.0038812862619922667,0.99363732536214,-0.00636267463786,0.004630385705365336,1.0046303857053653
2015-08-13,Train,0.005735077899820356,0.9993359128272611,-0.0006640871727389142,0.009865987799606346,1.0098659877996063
2015-08-14,Train,-0.0027983111001266734,0.9965394600496413,-0.0034605399503586654,0.007214563619770686,1.0072145636197707
2015-08-17,Train,-0.009971109979838891,0.9866028554942371,-0.013397144505762903,-0.0010999567702576485,0.9989000432297424
2015-08-18,Train,-0.021492380591806026,0.9653984114309924,-0.034601588569007635,-0.022176857678082307,0.9778231423219177
2015-08-19,Train,-0.02585090140251867,0.9404419922829417,-0.059558007717058326,-0.053321485181804795,0.9466785148181952
2015-08-20,Train,-0.0379291851068512,0.9047717938753861,-0.09522820612461391,-0.09063355588644961,0.9093664441135504
2015-08-21,Train,-0.013395290704786433,0.8926521126749342,-0.10734788732506584,-0.10293001585090522,0.8970699841490948
2015-08-24,Train,0.032097710568926754,0.9213042018263152,-0.07869579817368477,-0.06791392478024849,0.9320860752197515
2015-08-25,Train,0.025547810177698378,0.9448415066904899,-0.05515849330951006,-0.045266343244151575,0.9547336567558484
2015-08-26,Train,0.0030165211934257306,0.94769164111985,-0.05230835888014995,-0.044685143378644154,0.9553148566213558
2015-08-27,Train,-0.00775286389644106,0.940344316810453,-0.05965568318954695,-0.052701858878908214,0.9472981411210918
2015-08-28,Train,-0.028443227465945384,0.9135978895111043,-0.08640211048889568,-0.0807195350401072,0.9192804649598928
2015-08-31,Train,0.01621992624841413,0.9284163798996813,-0.07158362010031871,-0.06390316537777951,0.9360968346222205
2015-09-01,Train,0.003926597898435461,0.9320618977058684,-0.06793810229413155,-0.06281281521686866,0.9371871847831313
2015-09-02,Train,-0.015356978208527454,0.9177482434538007,-0.08225175654619932,-0.0771794994956525,0.9228205005043475
2015-09-03,Train,0.02501908248936974,0.9407094624612454,-0.05929053753875457,-0.054032374273499606,0.9459676257265004
2015-09-04,Train,-0.012976702080421645,0.9285021560226522,-0.07149784397734782,-0.0671790191651852,0.9328209808348148
2015-09-08,Train,0.0031772456896058047,0.9314522354956648,-0.0685477645043352,-0.06225563187472927,0.9377443681252707
2015-09-09,Train,0.0044095486298256934,0.9355595194244428,-0.06444048057555718,-0.058047936980642034,0.941952063019358
2015-09-10,Train,-0.004448519645825916,0.9313976645224438,-0.06860233547755623,-0.061900187328881584,0.9380998126711184
2015-09-11,Train,0.012214610521966386,0.9427743242356547,-0.05722567576434534,-0.04986310581680142,0.9501368941831986
2015-09-14,Train,0.01041023957048649,0.9525888308118514,-0.04741116918814858,-0.0415918151688357,0.9584081848311643
2015-09-15,Train,-0.001467542168537509,0.9511908665333572,-0.04880913346664284,-0.044046303857053104,0.9559536961429469
2015-09-16,Train,-0.016244412901752714,0.9357393293490134,-0.06426067065098662,-0.059498534992074026,0.940501465007926
2015-09-17,Train,0.004215330246327747,0.9396837796466967,-0.06031622035330331,-0.05520438061386168,0.9447956193861383
2015-09-18,Train,-0.014205891139896995,0.9263347341671088,-0.07366526583289124,-0.06684278783803188,0.9331572121619681
2015-09-21,Train,-0.003668605543663006,0.9229363774260557,-0.07706362257394428,-0.0687545030981308,0.9312454969018692
2015-09-22,Train,-0.003545138195198017,0.919664440422705,-0.08033555957729499,-0.07188625774532809,0.9281137422546719
2015-09-23,Train,0.0005463468895377695,0.9201668962291484,-0.07983310377085162,-0.07231855516595342,0.9276814448340466
2015-09-24,Train,-0.0265398073593804,0.8957458440647478,-0.10425415593525222,-0.09612853643306518,0.9038714635669348
2015-09-25,Train,0.0016634410573320517,0.8972358644786995,-0.10276413552130048,-0.0950141697487864,0.9049858302512136
2015-09-28,Train,0.019027317896191786,0.9143078565000001,-0.08569214349999987,-0.07775109275181258,0.9222489072481874
2015-09-29,Train,0.000820689716218987,0.915058219555288,-0.08494178044471201,-0.07593064028051233,0.9240693597194877
2015-09-30,Train,0.016578202416933068,0.9302282399423538,-0.06977176005764618,-0.0627023392093754,0.9372976607906246
2015-10-01,Train,0.020709505843104502,0.9494928071128609,-0.05050719288713912,-0.045559344829241954,0.954440655170758
2015-10-02,Train,-0.004911043671953475,0.9448298064709238,-0.05517019352907615,-0.04898410106152973,0.9510158989384703
2015-10-05,Train,0.011179496498181373,0.9553925279837429,-0.044607472016257144,-0.0413420433258076,0.9586579566741924
2015-10-06,Train,0.011381555950650053,0.9662663814958228,-0.03373361850417722,-0.032888227100244416,0.9671117728997556
2015-10-07,Train,0.0013551979000070967,0.9675758636668733,-0.032424136333126685,-0.03218694461789651,0.9678130553821035
2015-10-08,Train,0.0009642725520510303,0.9685088705142344,-0.0314911294857656,-0.030952495316777462,0.9690475046832225
2015-10-09,Train,-0.01050641577366233,0.9583333136401317,-0.041666686359868255,-0.037566645852345926,0.9624333541476541
2015-10-12,Train,-0.004679611414951609,0.9538486861262929,-0.04615131387370708,-0.04210576876891259,0.9578942312310874
2015-10-13,Train,0.015645628460211513,0.9687722482766858,-0.031227751723314157,-0.0278783803256637,0.9721216196743363
2015-10-14,Train,0.0026663678651468728,0.9713553514681369,-0.028644648531863104,-0.023435323502569494,0.9765646764974305
2015-10-15,Train,-0.00081077020962476,0.970567805486207,-0.029432194513792975,-0.023171141745520596,0.9768288582544794
2015-10-16,Train,0.0032678012648282365,0.9737394281885764,-0.026260571811423605,-0.024559296796195507,0.9754407032038045
2015-10-19,Train,-0.007686220548541765,0.966255052186708,-0.03374494781329196,-0.03024160622508254,0.9697583937749175
2015-10-20,Train,0.013319639483653042,0.9791252211310933,-0.02087477886890665,-0.014116912435755524,0.9858830875642445
2015-10-21,Train,0.00878129291080814,0.9877232064942053,-0.012276793505794692,-0.0032422306546902036,0.9967577693453098
2015-10-22,Train,-0.002688139914206824,0.9850680683186399,-0.014931931681360089,-0.005149142610115676,0.9948508573898843
2015-10-23,Train,-0.0034442437136282668,0.9816752538168375,-0.018324746183162488,-0.007690090782458303,0.9923099092175417
2015-10-26,Train,0.01591501773028026,0.9972986328867098,-0.002701367113290165,0.00405879244920504,1.004058792449205
2015-10-27,Train,0.0010536369756129484,0.9983494236020475,-0.001650576397952519,0.003607281809885121,1.0036072818098851
2015-10-28,Train,0.002028418541578415,1.000374494083856,0.0003744940838559252,-0.0012200393870982484,0.9987799606129018
2015-10-29,Train,0.011290929018711942,1.0116696514886867,0.011669651488686705,0.010639319852058238,1.0106393198520582
2015-10-30,Train,0.004357686759353507,1.0160781909338188,0.016078190933818792,0.013396416734713368,1.0133964167347134
2015-11-02,Train,-0.0015084871931084177,1.0145454499955984,0.01454544999559837,0.009803544838848932,1.009803544838849
2015-11-03,Train,0.0008439819481258207,1.0154017080409479,0.01540170804094787,0.008660358326528339,1.0086603583265283
2015-11-04,Train,-0.0017415389616605508,1.0136333464046579,0.013633346404657853,0.008309717085354551,1.0083097170853546
2015-11-05,Train,-0.007483848967565527,1.0060474675316775,0.006047467531677508,-0.0015946971516404007,0.9984053028483596
2015-11-06,Train,0.0033559201541282974,1.0094236825039766,0.009423682503976627,-8.645948412533411e-05,0.9999135405158747
2015-11-09,Train,-0.0037856635527254707,1.0056023440598634,0.005602344059863373,-0.003314280224794852,0.9966857197752051
2015-11-10,Train,-0.014049982652234866,0.9914736485707756,-0.008526351429224421,-0.017258273692300485,0.9827417263076995
2015-11-11,Train,-0.008318737580042425,0.9832258394707881,-0.01677416052921188,-0.028272251308900764,0.9717277486910992
2015-11-12,Train,0.015589194468954893,0.9985535382891996,-0.0014464617108004285,-0.013790287717950211,0.9862097122820498
2015-11-13,Train,-0.002445456931639739,0.9961116186173768,-0.0038883813826231517,-0.015111196503194368,0.9848888034968056
2015-11-16,Train,0.015501299855469261,1.0115526435070816,0.011552643507081628,0.0008069551851672685,1.0008069551851673
2015-11-17,Train,-0.0005598140154500724,1.010986362159881,0.010986362159880914,-0.00031701810845885525,0.9996829818915411
2015-11-18,Train,0.004088865419286608,1.0151201493354867,0.015120149335486666,0.003492002497718305,1.0034920024977183
2015-11-19,Train,0.001637163927275925,1.0167820674258297,0.01678206742582966,0.0022527498919255873,1.0022527498919256
2015-11-20,Train,0.00494241050795607,1.0218074218001765,0.021807421800176474,0.0034775925836973975,1.0034775925836974
2015-11-23,Train,8.249147943098831e-05,1.0218917122060944,0.021891712206094427,0.003347903357509896,1.00334790335751
2015-11-24,Train,-0.00024662972966983974,1.0216396833293613,0.02163968332936128,0.003943513137038224,1.0039435131370382
2015-11-25,Train,-0.002076233929363552,1.0195185203552486,0.019518520355248592,-0.0007156923963688167,0.9992843076036312
2015-11-27,Train,0.010010188929609625,1.0297240933612406,0.0297240933612406,0.009957250588404687,1.0099572505884047
2015-11-30,Train,-0.013785796474059695,1.015528526585727,0.01552852658572701,-0.001147989816994155,0.9988520101830058
2015-12-01,Train,-0.0158077959128898,0.9994752588937421,-0.0005247411062578866,-0.015505067486430879,0.9844949325135691
2015-12-02,Train,0.015278244287728485,1.0147454860586613,0.014745486058661328,0.00470243527546943,1.0047024352754694
2015-12-03,Train,-0.007803447125089419,1.0068269733127795,0.006826973312779483,-0.002319996157356341,0.9976800038426437
2015-12-04,Train,-0.006750138210227922,1.0000307520891327,3.075208913272398e-05,-0.008794850857389958,0.99120514914261
2015-12-07,Train,-0.0057299396885156,0.994300636193001,-0.0056993638069989805,-0.016465728421154013,0.983534271578846
2015-12-08,Train,0.0018119447550017825,0.9961022540156459,-0.0038977459843541062,-0.014251404966617254,0.9857485950333827
2015-12-09,Train,-0.01888678607031058,0.9772890838398982,-0.02271091616010179,-0.03339737739564852,0.9666026226043515
2015-12-10,Train,-0.0005502635450117667,0.9767513172841232,-0.023248682715876767,-0.02880061482299845,0.9711993851770016
2015-12-11,Train,0.01214687895747463,0.9886157973067273,-0.011384202693272671,-0.01848791968874608,0.9815120803112539
2015-12-14,Train,0.014154414192437372,1.0026090747789935,0.0026090747789935254,-0.004241318026802499,0.9957586819731975
2015-12-15,Train,-0.01674261278631547,0.9858227792639228,-0.01417722073607719,-0.01921802199913558,0.9807819780008644
2015-12-16,Train,-0.013793869131611437,0.9722244688597949,-0.027775531140205145,-0.03667323118305421,0.9633267688169458
2015-12-17,Train,0.007647527635568729,0.9796595823533762,-0.020340417646623754,-0.02918007589221394,0.9708199241077861
2015-12-18,Train,0.010728239519920616,0.9901696050008487,-0.009830394999151282,-0.02062058696383129,0.9793794130361687
2015-12-21,Train,0.017526537415393624,1.0075238496304817,0.007523849630481694,-0.008458619530237077,0.9915413804697629
2015-12-22,Train,-0.001299831735744064,1.006214238156213,0.0062142381562129145,-0.010043710072530243,0.9899562899274698
2015-12-23,Train,-0.004538460334511256,1.0016475747483204,0.0016475747483204461,-0.012200393870983484,0.9877996061290165
2015-12-24,Train,0.009952428606011829,1.011616400724388,0.011616400724387965,-0.0017003698544599821,0.99829963014554
2015-12-28,Train,-0.009530464700047396,1.0019752263272952,0.0019752263272951875,-0.008905326864883212,0.9910946731351168
2015-12-29,Train,-0.005306202463716481,0.9966585429127744,-0.0033414570872255522,-0.018233344541044416,0.9817666554589556
2015-12-30,Train,-0.012937864233337603,0.9837639099975728,-0.016236090002427206,-0.03325808156011356,0.9667419184398864
2015-12-31,Train,0.0014551377871967694,0.9851954220366906,-0.014804577963309362,-0.03131274316729926,0.9686872568327007
2016-01-04,Train,-0.01580892108132393,0.969620545360031,-0.03037945463996905,-0.04401748402901218,0.9559825159709878
2016-01-05,Train,-0.02299713778403511,0.9473220480801551,-0.05267795191984492,-0.06667467217445633,0.9333253278255437
2016-01-06,Train,-0.012344225560746496,0.9356280910399852,-0.06437190896001477,-0.07679043181709044,0.9232095681829096
2016-01-07,Train,-0.0029549658804994606,0.9328633419541252,-0.06713665804587476,-0.07600268985061742,0.9239973101493826
2016-01-08,Train,0.006119119041872417,0.9385716437933413,-0.06142835620665865,-0.06879292953552052,0.9312070704644795
2016-01-11,Train,-0.02546623530775096,0.9146697574593176,-0.08533024254068244,-0.09204092415581933,0.9079590758441807
2016-01-12,Train,0.015085411268902161,0.9284679269258183,-0.07153207307418175,-0.076881694605889,0.923118305394111
2016-01-13,Train,-0.018756761276621365,0.9110528756674711,-0.08894712433252894,-0.09682021230606663,0.9031797876939334
2016-01-14,Train,-0.0033290057570029494,0.90801997539944,-0.09198002460055998,-0.09633988183870501,0.903660118161295
2016-01-15,Train,-0.009937201971050073,0.8989967975101478,-0.10100320248985217,-0.10690715212065904,0.893092847879341
2016-01-19,Train,0.00819466792506548,0.9063637777314408,-0.09363622226855917,-0.10226715980594636,0.8977328401940536
2016-01-20,Train,0.021280032471812614,0.9256512283528405,-0.07434877164715947,-0.08405783178827009,0.9159421682117299
2016-01-21,Train,-0.017339520844908557,0.9096008795837013,-0.09039912041629872,-0.09838128632499143,0.9016187136750086
2016-01-22,Train,0.018511880055002605,0.9264393019644797,-0.07356069803552034,-0.08562851241654224,0.9143714875834578
2016-01-25,Train,-0.007823089822472056,0.9191916840901432,-0.08080831590985682,-0.095561746481579,0.904438253518421
2016-01-26,Train,0.0017354791252989518,0.9207869220700301,-0.0792130779299699,-0.09056150631634541,0.9094384936836546
2016-01-27,Train,0.029495345687648167,0.9479458506411511,-0.05205414935884889,-0.0680436140064361,0.9319563859935639
2016-01-28,Train,0.0002793950419378334,0.9482107020118458,-0.05178929798815424,-0.06845669820836697,0.931543301791633
2016-01-29,Train,-0.025391254772495663,0.924134442499056,-0.07586555750094404,-0.08591671069695916,0.9140832893030408
2016-02-01,Train,0.009731506546121113,0.9331276628757316,-0.06687233712426843,-0.08135357125702436,0.9186464287429756
2016-02-02,Train,0.008571034432389232,0.9411255322040544,-0.05887446779594563,-0.07995100629232865,0.9200489937076713
2016-02-03,Train,-0.020134943592286653,0.922176022699865,-0.07782397730013502,-0.09695470483692736,0.9030452951630726
2016-02-04,Train,-0.023147504622890034,0.9008299489513015,-0.09917005104869847,-0.10973629857341805,0.890263701426582
2016-02-05,Train,-7.455918265369164e-05,0.9007627838065978,-0.0992372161934022,-0.1103271050482727,0.8896728949517273
2016-02-08,Train,0.003663933660798865,0.9040631188905817,-0.09593688110941834,-0.11049522071184925,0.8895047792881507
2016-02-09,Train,-0.013316185657616502,0.8920244465532309,-0.10797555344676912,-0.12143714875834521,0.8785628512416548
2016-02-10,Train,0.024813464077231152,0.9141586631137913,-0.08584133688620865,-0.1042893510735381,0.8957106489264619
2016-02-11,Train,0.022183786070450864,0.934438163330757,-0.06556183666924298,-0.08949517267880258,0.9105048273211974
2016-02-12,Train,0.020245110906173338,0.9533559675823492,-0.046644032417650805,-0.0744896488784279,0.9255103511215721
2016-02-16,Train,-0.004934857175137431,0.9486512920452653,-0.051348707954734674,-0.07880781978000817,0.9211921802199918
2016-02-17,Train,0.0012165915537035957,0.9498054131945777,-0.050194586805422325,-0.07883183630337631,0.9211681636966237
2016-02-18,Train,0.02042166291346454,0.9692020191762213,-0.030797980823778714,-0.06551707574811416,0.9344829242518858
2016-02-19,Train,-0.013062924898603502,0.9565414059881474,-0.04345859401185259,-0.07715548297228436,0.9228445170277156
2016-02-22,Train,0.006448812846912687,0.9627099624956877,-0.03729003750431226,-0.07305826408569038,0.9269417359143096
2016-02-23,Train,0.011946328374257338,0.9742108118368302,-0.025789188163169774,-0.06253902685047241,0.9374609731495276
2016-02-24,Train,0.0074430276401110836,0.9814618898366269,-0.018538110163373145,-0.06429223305634213,0.9357077669436579
2016-02-25,Train,-0.008936628841819368,0.9726909292047663,-0.027309070795233703,-0.07189106105000176,0.9281089389499982
2016-02-26,Train,0.027598846298289636,0.9995360766556292,-0.00046392334437084237,-0.04973821989528737,0.9502617801047126
2016-02-29,Train,0.008137193739867746,1.0076694953613634,0.00766949536136341,-0.04584754310965877,0.9541524568903412
2016-03-01,Train,0.008715808811614,1.0164521500282286,0.01645215002822864,-0.04250924636149589,0.9574907536385041
2016-03-02,Train,0.0025886325151569566,1.019083371113893,0.01908337111389291,-0.03934386858158345,0.9606561314184165
2016-03-03,Train,0.006782512473274423,1.0259953167897793,0.025995316789779288,-0.03849368365435346,0.9615063163456465
2016-03-04,Train,-0.006379114612736927,1.019450375071846,0.019450375071845993,-0.04930111916998825,0.9506988808300117
2016-03-07,Train,0.002211994060882024,1.021705393246869,0.02170539324686893,-0.04449781449637291,0.9555021855036271
2016-03-08,Train,0.000473459936851367,1.0221891298178363,0.022189129817836273,-0.04434891205149083,0.9556510879485092
2016-03-09,Train,0.025117585331194535,1.0478640525106553,0.047864052510655286,-0.028680532206157183,0.9713194677938428
2016-03-10,Train,-0.0015030560345319043,1.04628905412316,0.04628905412315998,-0.029905374897929105,0.9700946251020709
2016-03-11,Train,-0.008120568115941453,1.037792592590189,0.03779259259018897,-0.031687400931840415,0.9683125990681596
2016-03-14,Train,0.004196371837871853,1.0421475561992866,0.04214755619928656,-0.026264469955328607,0.9737355300446714
2016-03-15,Train,0.0027751397409791,1.0450396612984596,0.0450396612984596,-0.019842451606704836,0.9801575483932952
2016-03-16,Train,0.013531180957264778,1.0591802820630076,0.05918028206300763,-0.01552428070512446,0.9844757192948755
2016-03-17,Train,0.004111046158282502,1.0635346210925114,0.0635346210925114,-0.014554013161054202,0.9854459868389458
2016-03-18,Train,0.004557516562184942,1.0683816977425977,0.06838169774259772,-0.015418608002304879,0.9845813919976951
2016-03-21,Train,-0.005947355099935924,1.06202765240385,0.06202765240385011,-0.021706133820067475,0.9782938661799325
2016-03-22,Train,-0.0009535879086309205,1.0610149156758861,0.06101491567588613,-0.022075988279935843,0.9779240117200642
2016-03-23,Train,0.0027239524416682423,1.063905069846088,0.0639050698460879,-0.021542821461164596,0.9784571785388354
2016-03-24,Train,0.009034972008533305,1.073517422371884,0.07351742237188397,-0.012916086267351079,0.9870839137326489
2016-03-28,Train,0.0025138672839661773,1.0762161026987525,0.07621610269875245,-0.008621931889138956,0.991378068110861
2016-03-29,Train,-0.0006339121954277324,1.075533876186336,0.075533876186336,-0.010644123156731022,0.989355876843269
2016-03-30,Train,0.002541544949850889,1.078267393877751,0.07826739387775095,-0.004380613862336347,0.9956193861376637
2016-03-31,Train,-0.0022907327669236827,1.0757973714270896,0.07579737142708964,-0.00757481147029071,0.9924251885297093
2016-04-01,Train,-0.009498859818043943,1.0655785230032835,0.06557852300328348,-0.017642538066188762,0.9823574619338112
2016-04-04,Train,0.012005451627193126,1.078371274416175,0.07837127441617509,-0.007320236322589269,0.9926797636774107
2016-04-05,Train,-0.014733402185154591,1.062483196725284,0.06248319672528391,-0.019208415389787348,0.9807915846102127
2016-04-06,Train,0.002843368030808686,1.0655042274801239,0.06550422748012386,-0.01647533503050025,0.9835246649694998
2016-04-07,Train,0.0006897994003142174,1.066239211657272,0.06623921165727209,-0.01916998895239852,0.9808300110476015
2016-04-08,Train,0.010484030719381131,1.0774176963064956,0.07741769630649564,-0.009693068831355345,0.9903069311686447
2016-04-11,Train,0.01893508940712029,1.0978186967148726,0.09781869671487264,0.00024977184302876765,1.0002497718430288
2016-04-12,Train,-0.003009856438573982,1.0945144200421786,0.09451442004217858,0.0004226908112789918,1.000422690811279
2016-04-13,Train,0.002460515730760617,1.0972074899902367,0.09720748999023665,-0.0005619866468122847,0.9994380133531877
2016-04-14,Train,0.005995595289747041,1.1037859020490972,0.10378590204909721,0.005975311013978413,1.0059753110139784
2016-04-15,Train,0.0036516373097463858,1.1078165278309917,0.10781652783099172,0.009078245833133991,1.009078245833134
2016-04-18,Train,-0.0010118015517626778,1.106695637349064,0.10669563734906395,0.00984677458091232,1.0098467745809123
2016-04-19,Train,-0.0052615516255457555,1.1008727011193855,0.10087270111938551,0.004601565877324187,1.0046015658773242
2016-04-20,Train,0.0035020785647230735,1.1047280438084646,0.10472804380846457,0.00464959892406025,1.0046495989240602
2016-04-21,Train,0.0009536753816719494,1.1057815957472872,0.10578159574728718,0.0028291464527598897,1.00282914645276
2016-04-22,Train,0.0024685902528380553,1.1085113174163166,0.10851131741631659,0.004707238580143436,1.0047072385801434
2016-04-25,Train,0.004497017528689308,1.1134963122414883,0.11349631224148826,0.006364378692540917,1.006364378692541
2016-04-26,Train,-0.007359218428043609,1.105301849660882,0.10530184966088196,-0.0029252125462313483,0.9970747874537687
2016-04-27,Train,-0.006149217452814776,1.0985051082363189,0.09850510823631886,-0.007973485758201115,0.9920265142417989
2016-04-28,Train,0.009945689591155589,1.109430499057136,0.10943049905713598,-0.00022575531965951523,0.9997742446803405
2016-04-29,Train,-0.0071270575048249084,1.1015235240927492,0.10152352409274923,-0.008900523560208984,0.991099476439791
2016-05-02,Train,-0.004511219380829024,1.096554309822423,0.09655430982242308,-0.014784571785387834,0.9852154282146122
2016-05-03,Train,4.150896778430204e-05,1.0965998266599433,0.09659982665994327,-0.015019933714394806,0.9849800662856052
2016-05-04,Train,0.0030381518537470234,1.0999314634561288,0.0999314634561288,-0.011892982371871197,0.9881070176281288
2016-05-05,Train,0.0007569303340351708,1.1007640349461785,0.10076403494617847,-0.011148470147460787,0.9888515298525392
2016-05-06,Train,0.01271846029484243,1.114764058618632,0.11476405861863204,0.0011960228637306614,1.0011960228637307
2016-05-09,Train,-0.01039239833391679,1.1031789864731334,0.1031789864731334,-0.00837696335078475,0.9916230366492153
2016-05-10,Train,-0.004017477921410589,1.0987469892516135,0.09874698925161352,-0.008545079014361301,0.9914549209856387
2016-05-11,Train,-0.009090306078529124,1.088759042816454,0.08875904281645397,-0.01695086219318842,0.9830491378068116
2016-05-12,Train,0.010604308615062742,1.10030457971392,0.10030457971391993,-0.007320236322589491,0.9926797636774105
2016-05-13,Train,-0.00587876193784217,1.0938361510306642,0.09383615103066423,-0.01666266391277138,0.9833373360872286
2016-05-16,Train,0.00015666816756143733,1.0940075203360589,0.09400752033605886,-0.016460925116479452,0.9835390748835205
2016-05-17,Train,-0.004287908538821548,1.089316516148075,0.0893165161480749,-0.020106633363753623,0.9798933666362464
2016-05-18,Train,0.011219172974926531,1.1015377465671845,0.1015377465671845,-0.014208175224553643,0.9857918247754464
2016-05-19,Train,-0.001288871090224671,1.100118006410843,0.1001180064108429,-0.016263989624861086,0.9837360103751389
2016-05-20,Train,0.013794973766333787,1.115294105449152,0.11529410544915208,-0.0028051299293906373,0.9971948700706094
2016-05-23,Train,0.00692611113574222,1.1230187563725311,0.12301875637253112,0.004150055238004713,1.0041500552380047
2016-05-24,Train,0.00021470282377132355,1.1232598716706725,0.12325987167067254,0.00393870983236555,1.0039387098323656
2016-05-25,Train,0.004707178244811513,1.1285472561018706,0.12854725610187057,0.00824247081992513,1.0082424708199251
2016-05-26,Train,0.0012096686617613004,1.1299124243508938,0.12991242435089378,0.007233776838465822,1.0072337768384658
2016-05-27,Train,0.0014741604887216896,1.1315780966025875,0.13157809660258746,0.008372160046112631,1.0083721600461126
2016-05-31,Train,0.004255492559003989,1.1363935187726115,0.13639351877261152,0.011220519717566768,1.0112205197175668
2016-06-01,Train,-0.001573673005583097,1.1346052069683994,0.1346052069683994,0.008276093952640506,1.0082760939526405
2016-06-02,Train,0.004462458564920448,1.139668335692039,0.13966833569203896,0.01321389115711713,1.0132138911571171
2016-06-03,Train,0.004341955367191251,1.1446167247390149,0.14461672473901488,0.014520390028340824,1.0145203900283408
2016-06-06,Train,0.003552455898369703,1.1486829251741866,0.14868292517418658,0.017877899995197843,1.0178778999951978
2016-06-07,Train,-0.0032623205393302115,1.144935553274213,0.14493555327421292,0.01612949709400202,1.016129497094002
2016-06-08,Train,-0.010178363546559556,1.1332819829756067,0.13328198297560667,0.0068062827225146005,1.0068062827225146
2016-06-09,Train,-0.010199232130845922,1.1217233769615331,0.12172337696153313,-0.0013641385273053253,0.9986358614726947
2016-06-10,Train,-0.005615816416034864,1.1154239844069425,0.11542398440694246,-0.003160574475237432,0.9968394255247626
2016-06-13,Train,0.0012824540236642602,1.1168544643838367,0.11685446438383673,-0.0049954368605587,0.9950045631394413
2016-06-14,Train,0.00042083486805783186,1.1173244756849956,0.1173244756849956,-0.0018780921273823248,0.9981219078726177
2016-06-15,Train,0.001329378882548547,1.118809823247926,0.118809823247926,-0.005129929391419985,0.99487007060858
2016-06-16,Train,0.009302385409927406,1.129217423424191,0.12921742342419096,0.0006484461309395062,1.0006484461309395
2016-06-17,Train,0.001278044990605389,1.1306606140955024,0.13066061409550245,0.0033623132715321358,1.0033623132715321
2016-06-20,Train,-0.0002736071986127754,1.130351257212298,0.130351257212298,0.0017051731591346542,1.0017051731591347
2016-06-21,Train,0.015910079324010278,1.1483352353785405,0.14833523537854054,0.01509198328450112,1.0150919832845011
2016-06-22,Train,-0.0364410789677348,1.1064886603846789,0.10648866038467886,-0.021369902492913817,0.9786300975070862
2016-06-23,Train,-0.023662239599980872,1.0803066605879947,0.08030666058799474,-0.03907968682453411,0.9609203131754659
2016-06-24,Train,0.021180485692705118,1.1031880803563128,0.10318808035631277,-0.022003938709831083,0.9779960612901689
2016-06-27,Train,0.02130573775915278,1.1266923162954074,0.12669231629540745,-0.00534607810173271,0.9946539218982673
2016-06-28,Train,0.015393458551091341,1.1440360077661338,0.1440360077661338,0.008146404726453227,1.0081464047264532
2016-06-29,Train,0.0032917087517724767,1.1478018411052404,0.14780184110524042,0.010110956337961774,1.0101109563379618
2016-06-30,Train,-0.017808081010499632,1.1273616929348376,0.12736169293483757,0.0031941976079556955,1.0031941976079557
2016-07-01,Train,0.007424602158997325,1.1357319049941725,0.13573190499417254,0.008564292233057769,1.0085642922330578
2016-07-05,Train,0.003961178510843915,1.1402307418103153,0.14023074181031525,0.007685287477786185,1.0076852874777862
2016-07-06,Train,0.021679063176460824,1.1649498760977637,0.16494987609776368,0.023055862433355667,1.0230558624333557
2016-07-07,Train,0.006010700096571079,1.1719520404305248,0.1719520404305248,0.02654306162640041,1.0265430616264004
2016-07-08,Train,0.018836717133548703,1.1940277695101997,0.19402776951019973,0.033738412027476405,1.0337384120274764
2016-07-11,Train,-0.002152078514752771,1.1914581280014187,0.1914581280014187,0.03387770786301103,1.033877707863011
2016-07-12,Train,0.007023672412726887,1.1998265395859815,0.1998265395859815,0.039315048753543635,1.0393150487535436
2016-07-13,Train,-0.0005268425281843154,1.1991944199384834,0.1991944199384834,0.03834958451414683,1.0383495845141468
2016-07-14,Train,0.002489028944069101,1.2021792495592765,0.20217924955927646,0.040823286421058924,1.040823286421059
2016-07-15,Train,-0.00327551401605104,1.1982414945775393,0.19824149457753926,0.03932945866756454,1.0393294586675645
2016-07-18,Train,0.005036926889472558,1.2042769493816587,0.20427694938165875,0.043767712185984964,1.043767712185985
2016-07-19,Train,-0.0033173127765969033,1.200281986070914,0.20028198607091396,0.039997118017196964,1.039997118017197
2016-07-20,Train,0.006354889328910881,1.20790964525588,0.20790964525587996,0.04473317642538177,1.0447331764253818
2016-07-21,Train,-0.0050460476867213175,1.201814475584668,0.20181447558466803,0.04158701186416369,1.0415870118641637
2016-07-22,Train,0.004865149144790142,1.2076614822527552,0.20766148225275516,0.041923243191316795,1.0419232431913168
2016-07-25,Train,-0.006320901332761167,1.2000279731800594,0.20002797318005938,0.04067438397617695,1.040674383976177
2016-07-26,Train,0.003871546228892449,1.2046739369541901,0.20467393695419012,0.04234593400259512,1.0423459340025951
2016-07-27,Train,0.0023096580259326887,1.2074563217813084,0.20745632178130835,0.04404630385705488,1.0440463038570549
2016-07-28,Train,-0.006161379845923442,1.200016724735452,0.20001672473545207,0.04272059176713716,1.0427205917671372
2016-07-29,Train,-0.007095172627515837,1.191502398917548,0.19150239891754794,0.03608722801287434,1.0360872280128743
2016-08-01,Train,0.008603072896292821,1.2017529809115435,0.20175298091154348,0.039334261972238105,1.039334261972238
2016-08-02,Train,0.0005912981238352117,1.20246357519447,0.2024635751944699,0.03955521398722439,1.0395552139872244
2016-08-03,Train,0.00791512972643906,1.2119812303834518,0.21198123038345185,0.04849896728949621,1.0484989672894962
2016-08-04,Train,3.246529162971975e-05,1.212020577707546,0.2120205777075459,0.04754791296412031,1.0475479129641203
2016-08-05,Train,-0.0013079307217381526,1.2104353387585833,0.21043533875858333,0.04795619386137773,1.0479561938613777
2016-08-08,Train,-0.000942972152678376,1.2092939319415161,0.20929393194151613,0.04495412844036806,1.044954128440368
2016-08-09,Train,0.0069741510727031105,1.2177277305141794,0.21772773051417937,0.04990153225419203,1.049901532254192
2016-08-10,Train,-0.001005068859949652,1.2165038302923423,0.21650383029234233,0.049065757240983165,1.0490657572409832
2016-08-11,Train,0.002148956462203486,1.2191180440597444,0.21911804405974444,0.05199577309188852,1.0519957730918885
2016-08-12,Train,-0.007483423456303474,1.209994867492825,0.20999486749282492,0.046231807483549936,1.04623180748355
2016-08-15,Train,0.002689583278234116,1.2132492494551828,0.21324924945518275,0.04818675248571114,1.0481867524857111
2016-08-16,Train,0.003794026645265121,1.2178523494349638,0.2178523494349638,0.05049233872904657,1.0504923387290466
2016-08-17,Train,-0.0014573667811302155,1.216077491876576,0.216077491876576,0.04897929775685772,1.0489792977568577
2016-08-18,Train,0.0020824412960620442,1.2186099018648713,0.21860990186487128,0.048388491282002954,1.048388491282003
2016-08-19,Train,0.0028855502169519874,1.2221262619315774,0.22212626193157736,0.05043469907296316,1.0504346990729632
2016-08-22,Train,-0.006023019575358372,1.214765371532404,0.21476537153240405,0.044930111916999804,1.0449301119169998
2016-08-23,Train,-0.0003514103214270422,1.2143384904427355,0.21433849044273545,0.043503530428935955,1.043503530428936
2016-08-24,Train,-0.004766644429583745,1.2085501706416375,0.2085501706416375,0.04185599692588604,1.041855996925886
2016-08-25,Train,0.0061252959921682965,1.215952898158203,0.21595289815820307,0.04730294442576599,1.047302944425766
2016-08-26,Train,-0.00304871380340233,1.212245805773301,0.212245805773301,0.04525673663480578,1.0452567366348058
2016-08-29,Train,-0.002611340582169938,1.2090802191051198,0.20908021910511976,0.042773428118546564,1.0427734281185466
2016-08-30,Train,-0.00042539707217971055,1.208565879919882,0.20856587991988196,0.04273019837648406,1.042730198376484
2016-08-31,Train,0.005321374917878699,1.2149971120798915,0.21499711207989147,0.0471108122388213,1.0471108122388213
2016-09-01,Train,0.001934844175125258,1.2173479421649933,0.2173479421649933,0.050232960276671346,1.0502329602766713
2016-09-02,Train,0.0018241728938649894,1.2195685952834932,0.21956859528349315,0.05007925452711559,1.0500792545271156
2016-09-06,Train,-0.0023783025431529155,1.216668092191781,0.21666809219178096,0.047744848455738786,1.0477448484557388
2016-09-07,Train,-0.026713707534621964,1.1841663766102632,0.18416637661026325,0.0220519717565697,1.0220519717565697
2016-09-08,Train,0.015203007127943835,1.2021692664745405,0.20216926647454048,0.0370526922522707,1.0370526922522707
2016-09-09,Train,-0.01655696788952715,1.182264988531745,0.1822649885317451,0.021672510687354096,1.021672510687354
2016-09-12,Train,-0.000969915095983328,1.1811182918719156,0.18111829187191564,0.021072097603152207,1.0210720976031522
2016-09-13,Train,0.009315613543216653,1.1921211334278186,0.19212113342781856,0.03139439934675203,1.031394399346752
2016-09-14,Train,-0.0042003129391653075,1.1871138516060293,0.18711385160602934,0.027503722561123434,1.0275037225611234
2016-09-15,Train,0.002974583985113212,1.1906450214575226,0.1906450214575226,0.027484509342428964,1.027484509342429
2016-09-16,Train,-0.0014119061404966966,1.188963942440575,0.1889639424405749,0.027791920841540474,1.0277919208415405
2016-09-19,Train,0.012967822713882981,1.2043822160593436,0.2043822160593436,0.03901244055910613,1.0390124405591061
2016-09-20,Train,0.008117259588683302,1.214158499151091,0.21415849915109098,0.045765886930209554,1.0457658869302096
2016-09-21,Train,-0.005236011375883075,1.2078011514374107,0.20780115143741074,0.039766559392864,1.039766559392864
2016-09-22,Train,-0.006996724087293351,1.1993505000284879,0.19935050002848786,0.030837216004612866,1.0308372160046129
2016-09-23,Train,0.004446362251548104,1.2046832468181898,0.20468324681818983,0.037480186368223034,1.037480186368223
2016-09-26,Train,0.007360570626244017,1.2135504029386481,0.21355040293864813,0.04297516691483927,1.0429751669148393
2016-09-27,Train,-0.008882551670130122,1.2027709787802383,0.2027709787802383,0.033253278255441776,1.0332532782554418
2016-09-28,Train,0.008510384238816636,1.2130070219609557,0.21300702196095567,0.04148614246601867,1.0414861424660187
2016-09-29,Train,-0.004576315634435588,1.2074559189616756,0.2074559189616756,0.03809020606177249,1.0380902060617725
2016-09-30,Train,-0.006818733581970863,1.199222598738302,0.19922259873830206,0.032945866756330267,1.0329458667563303
2016-10-03,Train,0.003157061716430453,1.203008618494257,0.203008618494257,0.03738412027475113,1.0373841202747511
2016-10-04,Train,0.0007018691473472198,1.203852973127571,0.2038529731275709,0.03788366396080711,1.0378836639608071
2016-10-05,Train,-0.004304080683814781,1.1986714927997795,0.19867149279977947,0.0345069407752554,1.0345069407752554
2016-10-06,Train,0.00523501087445192,1.204946551099482,0.2049465510994819,0.03927181901148202,1.039271819011482
2016-10-07,Train,-0.013251554021293502,1.1889791367848157,0.1889791367848157,0.026336519525435698,1.0263365195254357
2016-10-10,Train,0.003092529934917229,1.1926560903573147,0.19265609035731468,0.027513329170471446,1.0275133291704714
2016-10-11,Train,-0.0025700933954310636,1.1895908528164667,0.1895908528164667,0.02432873817186465,1.0243287381718647
2016-10-12,Train,-0.0006569122487432559,1.1888093960142587,0.18880939601425872,0.02453528027283003,1.02453528027283
2016-10-13,Train,-0.0029737504187964006,1.185274173574992,0.1852741735749921,0.021422738844327105,1.021422738844327
2016-10-14,Train,0.00749612637350826,1.1941591385673658,0.19415913856736577,0.027715067966763263,1.0277150679667633
2016-10-17,Train,0.003949773892456542,1.1988757971563175,0.19887579715631754,0.029967817858689072,1.029967817858689
2016-10-18,Train,-0.001206816451132738,1.1974289741214443,0.19742897412144433,0.028550842979972568,1.0285508429799726
2016-10-19,Train,-0.0013694454118914094,1.1957891605067679,0.19578916050676787,0.028464383495847345,1.0284643834958473
2016-10-20,Train,0.0039360119670418985,1.2004958009525815,0.20049580095258146,0.03334934434891412,1.0333493443489141
2016-10-21,Train,-0.005582415467442205,1.1937941346247443,0.19379413462474426,0.02942504443057037,1.0294250444305704
2016-10-24,Train,-0.0009225233232334488,1.1926928316924135,0.19269283169241347,0.027633411787311823,1.0276334117873118
2016-10-25,Train,-0.006276139571929256,1.1852073250142723,0.18520732501427228,0.024564100100871622,1.0245641001008716
2016-10-26,Train,0.001125919708926878,1.1865417733006702,0.18654177330067023,0.021379509102264604,1.0213795091022646
2016-10-27,Train,0.003307518600899056,1.190466282286606,0.1904662822866059,0.021254623180750665,1.0212546231807507
2016-10-28,Train,-0.00834734860506005,1.1805290452257897,0.18052904522578972,0.014323454536723457,1.0143234545367235
2016-10-31,Train,-0.0053515693019058905,1.1742113622273511,0.17421136222735112,0.007704500696481542,1.0077045006964815
2016-11-01,Train,-0.0024055123013552323,1.1713867823511221,0.17138678235112215,0.00324703395936643,1.0032470339593664
2016-11-02,Train,0.0012723171835536606,1.172877157882895,0.17287715788289493,0.0015754839329482628,1.0015754839329483
2016-11-03,Train,0.02191388803620936,1.198579456600968,0.19857945660096799,0.023833997790482453,1.0238339977904825
2016-11-04,Train,0.0035273239558719577,1.2028072346312526,0.2028072346312526,0.027695854748069237,1.0276958547480692
2016-11-07,Train,0.010548649986408289,1.2154952271504973,0.2154952271504973,0.039079686824537996,1.039079686824538
2016-11-08,Train,0.0055221792743943435,1.2222074097019928,0.22220740970199282,0.041106681396803735,1.0411066813968037
2016-11-09,Train,-0.0021314544434300796,1.2196023302877903,0.2196023302877903,0.03965128008069829,1.0396512800806983
2016-11-10,Train,0.00305440955506451,1.2233274952988002,0.22332749529880025,0.039531197463857914,1.039531197463858
2016-11-11,Train,0.010975429045204741,1.2367540394225,0.23675403942250006,0.04730774773044133,1.0473077477304413
2016-11-14,Train,0.0009346686393693724,1.2379099946377616,0.23790999463776163,0.04565060761804407,1.045650607618044
2016-11-15,Train,0.002957754758521331,1.2415714288150226,0.24157142881502258,0.05054037177578441,1.0505403717757844
2016-11-16,Train,-0.002918968805035668,1.237947320545088,0.23794732054508794,0.04803304673615716,1.0480330467361572
2016-11-17,Train,0.009078992209459687,1.2491866346240381,0.24918663462403812,0.055852826744803075,1.055852826744803
2016-11-18,Train,0.0024173931989016437,1.2522064098987369,0.2522064098987369,0.05813919976944426,1.0581391997694443
2016-11-21,Train,-0.0011849679347911756,1.2507225854552668,0.2507225854552668,0.058994188001347814,1.0589941880013478
2016-11-22,Train,0.005768605744382193,1.2579375109463526,0.25793751094635264,0.06313943993467785,1.0631394399346779
2016-11-23,Train,0.0007658060285508021,1.2589008470757754,0.25890084707577543,0.05755319659926306,1.057553196599263
2016-11-25,Train,0.0020149354883051457,1.261437451068806,0.261437451068806,0.05896536817330622,1.0589653681733062
2016-11-28,Train,-0.004468185391513932,1.2558011146776318,0.2558011146776318,0.056155434939241244,1.0561554349392412
2016-11-29,Train,-0.010225333874832024,1.2429601289996668,0.2429601289996668,0.05244248042653643,1.0524424804265364
2016-11-30,Train,0.004286542195912893,1.2482881300404611,0.24828813004046113,0.05286036793314097,1.052860367933141
2016-12-01,Train,0.008162426300779079,1.2584771899040539,0.2584771899040539,0.058989384696674474,1.0589893846966745
2016-12-02,Train,0.003586637816486001,1.2629908917845487,0.2629908917845487,0.06260146981123338,1.0626014698112334
2016-12-05,Train,0.01160183363497538,1.2776439019935224,0.2776439019935224,0.07658869302080151,1.0765886930208015
2016-12-06,Train,0.004273492792014499,1.283103903999453,0.28310390399945295,0.07891349248283142,1.0789134924828314
2016-12-07,Train,0.005424231224325004,1.29006375625958,0.29006375625958003,0.08532110091743461,1.0853211009174346
2016-12-08,Train,0.0021799142968047577,1.2928759846856401,0.29287598468564013,0.08408665161631546,1.0840866516163155
2016-12-09,Train,0.006255065627560229,1.3009630088181452,0.3009630088181452,0.09117632931457176,1.0911763293145718
2016-12-12,Train,-0.010121296170129161,1.2877955768995144,0.2877955768995144,0.08231903549642516,1.0823190354964252
2016-12-13,Train,0.0017353858571179269,1.2900303991305246,0.29003039913052464,0.08652192708583883,1.0865219270858388
2016-12-14,Train,0.0008715734814069913,1.2911547554166158,0.29115475541661584,0.08461981843508726,1.0846198184350873
2016-12-15,Train,0.0007068193219408498,1.29206736854536,0.2920673685453601,0.08676209231951981,1.0867620923195198
2016-12-16,Train,0.0026648964629000125,1.295510594305625,0.2955105943056251,0.09071521206590538,1.0907152120659054
2016-12-19,Train,-0.0011314046720208972,1.2940448475665751,0.2940448475665751,0.08803496805802768,1.0880349680580277
2016-12-20,Train,-0.004603238662026606,1.2880880502938603,0.2880880502938603,0.08600797348576195,1.086007973485762
2016-12-21,Train,0.002389227499028902,1.291165585684793,0.291165585684793,0.08736730870839504,1.087367308708395
2016-12-22,Train,0.0028717750411843867,1.2948735227877988,0.29487352278779877,0.08981219078726554,1.0898121907872655
2016-12-23,Train,-0.009892485346925805,1.2820640054374983,0.2820640054374983,0.08070512512609063,1.0807051251260906
2016-12-27,Train,0.0007804321520039733,1.2830645694082687,0.28306456940826874,0.080388107017632,1.080388107017632
2016-12-28,Train,-0.004035844287436495,1.27788632059541,0.2778863205954101,0.07537826024305083,1.0753782602430508
2016-12-29,Train,0.01003794293335999,1.290713670556868,0.29071367055686803,0.08450453912292022,1.0845045391229202
2016-12-30,Train,0.011163967114926777,1.3051231555297513,0.30512315552975133,0.09071040876123138,1.0907104087612314
2017-01-03,Test,-0.0022592618980828818,1.3021745405121572,0.3021745405121572,0.08986983044334873,1.0898698304433487
2017-01-04,Test,0.0036863227098018125,1.3069747760929729,0.30697477609297286,0.09370286757289392,1.093702867572894
2017-01-05,Test,-0.005126496437023073,1.3002745745600532,0.30027457456005324,0.08982179739661267,1.0898217973966127
2017-01-06,Test,0.0032118959237644414,1.304450921165857,0.30445092116585704,0.08982179739661267,1.0898217973966127
2017-01-09,Test,0.004139136380801235,1.3098502214306242,0.30985022143062424,0.09290551899707378,1.0929055189970738
2017-01-10,Test,-0.0009653872972646641,1.3085857086655357,0.3085857086655357,0.0905615063163494,1.0905615063163494
2017-01-11,Test,0.0011910286273835848,1.3101442717059413,0.3101442717059413,0.0925788942792678,1.0925788942792678
2017-01-12,Test,0.0003653469040483576,1.3106229288594657,0.31062292885946574,0.08933666362457737,1.0893366636245774
2017-01-13,Test,0.0015606609763215559,1.3126683669192087,0.31266836691920874,0.09125798549402342,1.0912579854940234
2017-01-17,Test,-0.005374813260593071,1.3056130195739304,0.3056130195739304,0.08731927566165876,1.0873192756616588
2017-01-18,Test,0.003936210596688777,1.310752187376752,0.31075218737675203,0.09097939382295372,1.0909793938229537
2017-01-19,Test,-0.0032755775669170155,1.3064587169159934,0.30645871691599336,0.08804457466737459,1.0880445746673746
2017-01-20,Test,0.009485038644093701,1.3188505283328547,0.31885052833285465,0.09518708871704096,1.095187088717041
2017-01-23,Test,0.00717863670339204,1.328318077141833,0.32831807714183303,0.10397713626975702,1.103977136269757
2017-01-24,Test,-0.002793031971083588,1.3246080422846076,0.3246080422846076,0.10316537777991597,1.103165377779916
2017-01-25,Test,-0.004120225682395951,1.3191503582096782,0.3191503582096782,0.1022095201498665,1.1022095201498665
2017-01-26,Test,-0.003911622885312572,1.3139903394793369,0.31399033947933686,0.09558576300495081,1.0955857630049508
2017-01-27,Test,0.004846248101916981,1.3203582626679757,0.32035826266797574,0.09461069215620688,1.0946106921562069
2017-01-30,Test,-0.004505649931623653,1.3144091905520672,0.3144091905520672,0.09493731687401286,1.0949373168740129
2017-01-31,Test,0.00268988850701267,1.3179448047272448,0.31794480472724485,0.09556174648158278,1.0955617464815828
2017-02-01,Test,0.00886601586603624,1.3296297242765167,0.3296297242765167,0.10352082232576354,1.1035208223257635
2017-02-02,Test,-0.003177941766143293,1.3254042384422329,0.3254042384422329,0.10118641625438651,1.1011864162543865
2017-02-03,Test,-0.0030929529192427196,1.3213048255337663,0.32130482553376627,0.10143618809741439,1.1014361880974144
2017-02-06,Test,0.003958753521812123,1.3265355456652355,0.32653554566523546,0.10219991354051938,1.1021999135405194
2017-02-07,Test,0.008642115557007375,1.3379996191413521,0.3379996191413521,0.1085402757096916,1.1085402757096916
2017-02-08,Test,0.006536902702267871,1.3467459924673506,0.3467459924673506,0.11249339545607717,1.1124933954560772
2017-02-09,Test,0.0038365614308596293,1.3519128661992155,0.35191286619921547,0.11832941063451985,1.1183294106345198
2017-02-10,Test,0.004323972316355645,1.357758500006786,0.357758500006786,0.12281089389500321,1.1228108938950032
2017-02-13,Test,0.0033383641672540443,1.362291192330993,0.36229119233099305,0.1284163504491127,1.1284163504491127
2017-02-14,Test,-0.0026230477631486956,1.3587178374661921,0.3587178374661921,0.12744127960036877,1.1274412796003688
2017-02-15,Test,0.001600367986322298,1.3608922859957182,0.3608922859957182,0.12933378164177345,1.1293337816417734
2017-02-16,Test,0.0067465710298751915,1.3700736424671973,0.3700736424671973,0.13616408088765475,1.1361640808876547
2017-02-17,Test,-0.005377957877401179,1.3627054441290711,0.36270544412907113,0.13493443489120915,1.1349344348912092
2017-02-21,Test,-0.0018167179670567956,1.3602297926649156,0.3602297926649156,0.1354099620538971,1.135409962053897
2017-02-22,Test,0.0028335451280837227,1.3640840651669954,0.36408406516699543,0.13710552860368352,1.1371055286036835
2017-02-23,Test,0.003582971504541362,1.368971539502288,0.3689715395022879,0.1382631250300248,1.1382631250300248
2017-02-24,Test,-0.006728556610203177,1.3597603370009896,0.35976033700098964,0.13532830587444566,1.1353283058744457
2017-02-27,Test,0.012302557703538872,1.3764888670099278,0.3764888670099278,0.1508525865795709,1.150852586579571
2017-02-28,Test,-0.0066943041856532,1.3672742318259983,0.3672742318259983,0.14410874681781483,1.1441087468178148
2017-03-01,Test,-0.0023257200313860195,1.3640943347566428,0.36409433475664277,0.14468514337864868,1.1446851433786487
2017-03-02,Test,-0.004743682570200684,1.3576235042367482,0.35762350423674816,0.14093376242855493,1.140933762428555
2017-03-03,Test,-0.0066577043895714606,1.3485848482732057,0.3485848482732057,0.13760987559441307,1.137609875594413
2017-03-06,Test,-0.0029504569998057145,1.3446059066677862,0.34460590666778623,0.13501128776598703,1.135011287765987
2017-03-07,Test,-0.0018077061405935605,1.3421752543136245,0.3421752543136245,0.13591911234930043,1.1359191123493004
2017-03-08,Test,0.0034086390933271895,1.3467502453555744,0.3467502453555744,0.13963206686200524,1.1396320668620052
2017-03-09,Test,0.001388467015181493,1.3486201636489383,0.34862016364893833,0.14004995436860979,1.1400499543686098
2017-03-10,Test,-0.005079281666159749,1.3417701419771029,0.34177014197710287,0.13619770402037013,1.1361977040203701
2017-03-13,Test,0.01229860764641789,1.3582720465049578,0.3582720465049578,0.14571305057880268,1.1457130505788027
2017-03-14,Test,-0.0017381193807826172,1.3559112075365523,0.35591120753655225,0.14384936836543982,1.1438493683654398
2017-03-15,Test,-0.0008891926552778564,1.3547055412496019,0.35470554124960185,0.1423459340025981,1.142345934002598
2017-03-16,Test,-0.003533960875606298,1.3499180648688587,0.3499180648688587,0.14004995436860979,1.1400499543686098
2017-03-17,Test,-0.015321475590972522,1.3292353281881577,0.3292353281881577,0.12590422210481234,1.1259042221048123
2017-03-20,Test,0.001712283833859483,1.3315113563520091,0.3315113563520091,0.12803208607522398,1.128032086075224
2017-03-21,Test,0.0006678328987247199,1.3324005834408064,0.33240058344080636,0.12683606321149377,1.1268360632114938
2017-03-22,Test,-0.0006917187225428807,1.3314789370113131,0.33147893701131315,0.12588500888611787,1.1258850088861179
2017-03-23,Test,-0.0016259633835148393,1.3293140010138116,0.3293140010138116,0.12473701906912371,1.1247370190691237
2017-03-24,Test,0.00986659149610269,1.3424297992318648,0.3424297992318648,0.13289303040492273,1.1328930304049227
2017-03-27,Test,0.0035177840132594486,1.3471521773185258,0.34715217731852577,0.13412267640136832,1.1341226764013683
2017-03-28,Test,0.0029853775753210412,1.3511739352192373,0.35117393521923734,0.13745136654018375,1.1374513665401838
2017-03-29,Test,-0.001717496412500579,1.348853298832834,0.3488532988328339,0.1348864018444731,1.134886401844473
2017-03-30,Test,-0.004468128439401121,1.3428264490477388,0.34282644904773885,0.13302271963111045,1.1330227196311105
2017-03-31,Test,-0.0013907003303284704,1.3409589798614743,0.3409589798614743,0.1336567558480275,1.1336567558480275
2017-04-03,Test,-0.003487565608919158,1.336282297440338,0.3362822974403381,0.13019357317835079,1.1301935731783508
2017-04-04,Test,0.005735810262207512,1.3439469591552027,0.3439469591552027,0.13237427350017206,1.132374273500172
2017-04-05,Test,-0.0013313824287530217,1.3421576517886074,0.34215765178860735,0.13143762908881707,1.131437629088817
2017-04-06,Test,0.0022565847620306576,1.3451863442938763,0.3451863442938763,0.13221576444594274,1.1322157644459427
2017-04-07,Test,0.0005660919805190578,1.3459478434956849,0.34594784349568486,0.13059224746626086,1.1305922474662609
2017-04-10,Test,-0.006003329786668284,1.3378676747155254,0.33786767471552537,0.12634132283011112,1.1263413228301111
2017-04-11,Test,-0.006945667537321209,1.3285752906380224,0.3285752906380224,0.11866564196167362,1.1186656419616736
2017-04-12,Test,0.009134587697959528,1.3407112781436976,0.3407112781436976,0.12830107113694633,1.1283010711369463
2017-04-13,Test,-0.003386359367055825,1.3361711479484384,0.3361711479484384,0.12502521734954053,1.1250252173495405
2017-04-17,Test,4.074216632584718e-06,1.3361765917991533,0.33617659179915327,0.12309428887074714,1.1230942888707471
2017-04-18,Test,0.010294036597071215,1.3499312425352836,0.3499312425352836,0.1315817282290257,1.1315817282290257
2017-04-19,Test,-0.0033313896050603873,1.3454340956263553,0.3454340956263553,0.12814736538739058,1.1281473653873906
2017-04-20,Test,0.01091694256784386,1.3601221223771272,0.36012212237712715,0.14037657908641554,1.1403765790864155
2017-04-21,Test,0.00572360483714378,1.3679069239358712,0.3679069239358712,0.14732215764446366,1.1473221576444637
2017-04-24,Test,-0.0005706442207887604,1.3671263357551502,0.3671263357551502,0.14676497430232405,1.146764974302324
2017-04-25,Test,-0.0017668541032178425,1.364710822979204,0.364710822979204,0.1473990105192413,1.1473990105192413
2017-04-26,Test,-0.005270073503134705,1.3575186966315802,0.3575186966315802,0.1452039002833989,1.145203900283399
2017-04-27,Test,-0.002250251251474004,1.3544639384855857,0.35446393848558566,0.14718766511360215,1.1471876651136022
2017-04-28,Test,0.0013331975556436435,1.3562697064975822,0.35626970649758216,0.1485518036409088,1.1485518036409088
2017-05-01,Test,-0.003723387562513544,1.3512197887409951,0.35121978874099513,0.1470915990201298,1.1470915990201298
2017-05-02,Test,-0.0009307683658138405,1.3499621161063733,0.3499621161063733,0.14775925836976223,1.1477592583697622
2017-05-03,Test,0.007090163143313808,1.3595335677468605,0.3595335677468605,0.15245208703588453,1.1524520870358845
2017-05-04,Test,-0.002421721123418852,1.356241156587851,0.35624115658785094,0.15249531677794725,1.1524953167779473
2017-05-05,Test,-0.0010466435806139552,1.3548216554875439,0.35482165548754385,0.15131370382823772,1.1513137038282377
2017-05-08,Test,0.0038975487977683542,1.36010213900208,0.36010213900208,0.15261539939478763,1.1526153993947876
2017-05-09,Test,-0.003161062827236669,1.3558027706892353,0.35580277068923527,0.15012248426918107,1.150122484269181
2017-05-10,Test,-0.0045281379136232385,1.3496635087598818,0.34966350875988184,0.1484221144147213,1.1484221144147213
2017-05-11,Test,0.005765126096056384,1.3574444890751283,0.35744448907512827,0.1539074883519902,1.1539074883519902
2017-05-12,Test,-0.00415419850950686,1.351805395201874,0.35180539520187404,0.1531149430808436,1.1531149430808436
2017-05-15,Test,-0.012436136026810707,1.334994159425367,0.3349941594253669,0.13215332148518577,1.1321533214851858
2017-05-16,Test,0.0017945566905301369,1.3373898821259824,0.3373898821259824,0.1363273932465574,1.1363273932465574
2017-05-17,Test,0.008266700934710604,1.3484456843146257,0.34844568431462575,0.14401748402901582,1.1440174840290158
2017-05-18,Test,0.0047441157980889085,1.3548428667884476,0.35484286678844756,0.14992074547288903,1.149920745472889
2017-05-19,Test,0.0001816560124910441,1.3550889821411802,0.35508898214118023,0.15203419952928,1.15203419952928
2017-05-22,Test,4.4212946637934323e-05,1.3551488946180374,0.35514889461803745,0.15490177241942837,1.1549017724194284
2017-05-23,Test,0.0023216161854529285,1.3582950302254813,0.35829503022548126,0.1600317018108499,1.16003170181085
2017-05-24,Test,-0.00010162647523599166,1.3581569914892289,0.35815699148922886,0.16039194966137105,1.160391949661371
2017-05-25,Test,-0.004322786101043098,1.3522859693233846,0.35228596932338463,0.1589941880013488,1.1589941880013488
2017-05-26,Test,-0.0008010143853493652,1.3512027688088504,0.3512027688088504,0.15846102118257765,1.1584610211825777
2017-05-30,Test,0.012418845582232088,1.367983147344972,0.36798314734497195,0.16723185551659947,1.1672318555165995
2017-05-31,Test,-0.0021412471348301932,1.3650539573502236,0.3650539573502236,0.17155963302752708,1.171559633027527
2017-06-01,Test,-0.0028824500784718388,1.3611192574637412,0.3611192574637412,0.17013305153946323,1.1701330515394632
2017-06-02,Test,-0.0021534349094322032,1.3581881757388183,0.35818817573881834,0.16688121427542546,1.1668812142754255
2017-06-05,Test,-0.0010963711619209843,1.3566990973904762,0.3566990973904762,0.16871127335607294,1.168711273356073
2017-06-06,Test,0.0030066570328438668,1.3607782262730983,0.3607782262730983,0.16902348815985802,1.169023488159858
2017-06-07,Test,0.013256595466678409,1.3788175127386648,0.3788175127386648,0.16805322061578765,1.1680532206157876
2017-06-08,Test,0.0062947905280372465,1.387496880157744,0.3874968801577441,0.16691003410346705,1.166910034103467
2017-06-09,Test,0.005460947018788962,1.3950739271090205,0.39507392710902045,0.17217445602574943,1.1721744560257494
2017-06-12,Test,-0.004740742888848701,1.38846024030966,0.38846024030966,0.1710072529900608,1.1710072529900608
2017-06-13,Test,-0.0026123921193822565,1.3848330377197995,0.3848330377197995,0.16838464863826674,1.1683846486382667
2017-06-14,Test,0.0017164132380505471,1.3872099834782314,0.38720998347823143,0.16871607666074628,1.1687160766607463
2017-06-15,Test,0.005732495349751151,1.3951621582576486,0.39516215825764855,0.17847158845285938,1.1784715884528594
2017-06-16,Test,-0.011078426166184891,1.379705957297536,0.3797059572975361,0.17057975887410937,1.1705797588741094
2017-06-19,Test,-0.0032732248184860267,1.3751898695158968,0.37518986951589683,0.16989768961045604,1.169897689610456
2017-06-20,Test,0.0012841137692538639,1.3769557697626806,0.37695576976268064,0.16936452279168468,1.1693645227916847
2017-06-21,Test,0.004232440355805592,1.3827836529307835,0.38278365293078354,0.1711897785676586,1.1711897785676586
2017-06-22,Test,0.0048646198074472945,1.389510369678245,0.3895103696782449,0.17155963302752708,1.171559633027527
2017-06-23,Test,-0.0048053529052110204,1.3828332819864908,0.3828332819864908,0.16210192612517815,1.1621019261251782
2017-06-26,Test,0.008562771267888042,1.394674167081764,0.39467416708176395,0.17233776838465276,1.1723377683846528
2017-06-27,Test,-0.006568105578878424,1.3855137999042366,0.3855137999042366,0.1622556318747339,1.162255631874734
2017-06-28,Test,0.003716795418401466,1.3906634712478527,0.3906634712478527,0.16403765790864533,1.1640376579086453
2017-06-29,Test,0.0035616266044549588,1.3956164952648926,0.3956164952648926,0.16672750852587015,1.1667275085258701
2017-06-30,Test,-0.0026119688506358834,1.391971188451827,0.3919711884518271,0.16842307507565613,1.1684230750756561
2017-07-03,Test,-0.009918496320226618,1.3781649273413064,0.37816492734130636,0.15747634372448638,1.1574763437244864
2017-07-05,Test,0.005107849095286907,1.3852043858185827,0.38520438581858274,0.1648878428358751,1.164887842835875
2017-07-06,Test,-0.0003895817563412514,1.384664735461064,0.38466473546106394,0.1659685863874385,1.1659685863874385
2017-07-07,Test,-0.0001757369116130453,1.3844213987568343,0.38442139875683434,0.16505595849945176,1.1650559584994518
2017-07-10,Test,0.00811931766901208,1.395661955881119,0.39566195588111897,0.17356741438109813,1.1735674143810981
2017-07-11,Test,0.0024686796164246397,1.399107398103022,0.399107398103022,0.1757673279216141,1.175767327921614
2017-07-12,Test,0.0055318569398795725,1.406847060072855,0.4068470600728551,0.1812623084682301,1.18126230846823
2017-07-13,Test,0.0025523863772759932,1.410437877343896,0.4104378773438959,0.18119986550747313,1.1811998655074731
2017-07-14,Test,-0.00292781698969347,1.4063083733637012,0.4063083733637012,0.18190595129449472,1.1819059512944947
2017-07-17,Test,0.008318398850825205,1.4180066073205957,0.4180066073205957,0.18825592007301428,1.1882559200730143
2017-07-18,Test,-0.001029288398845048,1.416547069570195,0.41654706957019494,0.18807339449541693,1.188073394495417
2017-07-19,Test,0.0018594606393134512,1.4191810830897955,0.4191810830897955,0.18763629377011792,1.187636293770118
2017-07-20,Test,-0.003168368255948106,1.4146845947966917,0.41468459479669173,0.18637302464095695,1.186373024640957
2017-07-21,Test,0.008385074783068878,1.4265468309185176,0.42654683091851764,0.18984101061530745,1.1898410106153074
2017-07-24,Test,-0.0014680202030653536,1.4244526313501105,0.42445263135011047,0.19017724194246055,1.1901772419424606
2017-07-25,Test,0.003952550699448372,1.4300828525944844,0.4300828525944844,0.18901964551611927,1.1890196455161193
2017-07-26,Test,-0.0017503228680920842,1.427579745874322,0.427579745874322,0.18742494836447876,1.1874249483644788
2017-07-27,Test,0.00019719596847287394,1.4278612588448818,0.4278612588448818,0.18656035352322808,1.186560353523228
2017-07-28,Test,0.0010706870366026038,1.4293900513847941,0.42939005138479414,0.1894663528507654,1.1894663528507654
2017-07-31,Test,-0.001300672150176192,1.427530883553219,0.427530883553219,0.19005235602094683,1.1900523560209468
2017-08-01,Test,-0.0036168130881856237,1.4223677711697946,0.4223677711697946,0.18745376819252058,1.1874537681925206
2017-08-02,Test,0.0018055803133261035,1.4249359704157283,0.4249359704157283,0.18969691147509882,1.1896969114750988
2017-08-03,Test,0.00012111475114893473,1.4251085511811883,0.4251085511811883,0.1916566597819338,1.1916566597819338
2017-08-04,Test,-0.0041469242596886375,1.4191987339576053,0.4191987339576053,0.1887794802824383,1.1887794802824383
2017-08-07,Test,-0.001984743629797184,1.4163819883109667,0.41638198831096673,0.18834718286181285,1.1883471828618128
2017-08-08,Test,-0.014884842481045516,1.3952993655219679,0.39529936552196787,0.17114654882559588,1.1711465488255959
2017-08-09,Test,0.0020851803404919,1.3982088163280553,0.39820881632805527,0.17264037657909026,1.1726403765790903
2017-08-10,Test,0.009158009743525335,1.4110136262914705,0.41101362629147054,0.18441807963879553,1.1844180796387955
2017-08-11,Test,-0.0021372118613060763,1.407997991232896,0.40799799123289593,0.18382727316394076,1.1838272731639408
2017-08-14,Test,0.0022568159997257663,1.411175583627092,0.41117558362709206,0.18550842979970605,1.185508429799706
2017-08-15,Test,-0.01597979652264144,1.3886252849430112,0.3886252849430112,0.16720783899323122,1.1672078389932312
2017-08-16,Test,-0.0024442257893149306,1.3852311712098586,0.3852311712098586,0.16506556510879866,1.1650655651087987
2017-08-17,Test,-0.0002480147978664423,1.3848876133809327,0.3848876133809327,0.1664200970267582,1.1664200970267582
2017-08-18,Test,0.009935063044199445,1.3986465591290032,0.39864655912900315,0.17801527450886612,1.1780152745088661
2017-08-21,Test,-0.003512211131753544,1.3937342171146414,0.3937342171146414,0.17394687545031373,1.1739468754503137
2017-08-22,Test,-0.0011136161502790698,1.392182132181266,0.39218213218126596,0.17151159998079057,1.1715115999807906
2017-08-23,Test,0.004427555973237255,1.3983460964964392,0.39834609649643915,0.17347134828762578,1.1734713482876258
2017-08-24,Test,-0.0024091089953696817,1.3949773283367295,0.3949773283367295,0.17404294154378586,1.1740429415437859
2017-08-25,Test,-0.001084296436025455,1.3934647593912777,0.3934647593912777,0.17503242230655092,1.175032422306551
2017-08-28,Test,0.0050608286997962095,1.4005168458377597,0.4005168458377597,0.18045535328306284,1.1804553532830628
2017-08-29,Test,0.005677804759744371,1.4084687070511595,0.40846870705115945,0.18720879965416604,1.187208799654166
2017-08-30,Test,0.004677482294754062,1.4150567944911063,0.41505679449110633,0.18956241894423775,1.1895624189442378
2017-08-31,Test,-0.008798055488767076,1.4026070462934166,0.4026070462934166,0.18058023920457678,1.1805802392045768
2017-09-01,Test,0.004821196521970259,1.4093692905066972,0.40936929050669724,0.18427398049858712,1.1842739804985871
2017-09-05,Test,-0.0046835384696197555,1.4027684552167083,0.40276845521670834,0.18406263509294796,1.184062635092948
2017-09-06,Test,0.0025656180906821597,1.4063674233424506,0.4063674233424506,0.182299822277731,1.182299822277731
2017-09-07,Test,0.011689643815970763,1.4228073575957085,0.42280735759570853,0.19511503914693717,1.1951150391469372
2017-09-08,Test,0.005851545861070583,1.4311329801001484,0.43113298010014844,0.19913540515875328,1.1991354051587533
2017-09-11,Test,0.004147757200321093,1.4370689722229757,0.4370689722229757,0.20004322974206645,1.2000432297420665
2017-09-12,Test,0.004324608910465159,1.4432837335052042,0.4432837335052042,0.19872232095682207,1.198722320956822
2017-09-13,Test,0.002201120722234492,1.4464605752390867,0.44646057523908667,0.20093664441135894,1.200936644411359
2017-09-14,Test,-0.0006339035275944385,1.4455436587779165,0.44554365877791646,0.20268504731255477,1.2026850473125548
2017-09-15,Test,-0.002310015466384772,1.442204430568805,0.4422044305688051,0.20402036601182005,1.20402036601182
2017-09-18,Test,0.0006760472313649484,1.4431794288811535,0.44317942888115347,0.2047840914549246,1.2047840914549246
2017-09-19,Test,-0.0023144777544880563,1.4398392221972733,0.43983922219727334,0.2011143666842825,1.2011143666842825
2017-09-20,Test,0.0011285178378332443,1.441464106443135,0.44146410644313505,0.20189250204140796,1.201892502041408
2017-09-21,Test,0.0021641785096296103,1.4445836920847017,0.4445836920847017,0.19922186464287783,1.1992218646428778
2017-09-22,Test,0.0009950580470805053,1.446021136712192,0.446021136712192,0.19930832412700306,1.199308324127003
2017-09-25,Test,0.0018840412025772748,1.4487455001135554,0.4487455001135554,0.20420769489409074,1.2042076948940907
2017-09-26,Test,0.0010618999186815922,1.4502839228423163,0.45028392284231633,0.20565829290552262,1.2056582929055226
2017-09-27,Test,0.0029437255770461824,1.454553160719966,0.454553160719966,0.2101253662519853,1.2101253662519853
2017-09-28,Test,0.0032446579355097215,1.4592726881755167,0.4592726881755167,0.21481339161343382,1.2148133916134338
2017-09-29,Test,0.0009844517955848709,1.460709271793639,0.46070927179363896,0.21743599596522767,1.2174359959652277
2017-10-02,Test,0.00553075765587986,1.4687881007816264,0.46878810078162636,0.21895384024209008,1.21895384024209
2017-10-03,Test,0.002765775644909621,1.472850439138301,0.47285043913830105,0.225836975839381,1.225836975839381
2017-10-04,Test,-0.003186446093318877,1.468157280610466,0.4681572806104659,0.2245208703588102,1.2245208703588102
2017-10-05,Test,-0.00578686929996164,1.459661246315786,0.4596612463157861,0.2223113502089471,1.222311350208947
2017-10-06,Test,0.0037833901711813982,1.4651837143283517,0.4651837143283517,0.22515010327105367,1.2251501032710537
2017-10-09,Test,-0.0005348767839375619,1.464400021575354,0.4644000215753541,0.22735962342091676,1.2273596234209168
2017-10-10,Test,-0.00047568365888758985,1.463703430415016,0.46370343041501605,0.22528939910658852,1.2252893991065885
2017-10-11,Test,0.0003933672348777808,1.4642792033861194,0.4642792033861194,0.22636533935347858,1.2263653393534786
2017-10-12,Test,-0.0003265498786901562,1.4638010431898851,0.46380104318988513,0.2285124165425847,1.2285124165425847
2017-10-13,Test,0.002779978007041613,1.4678703778966375,0.46787037789663755,0.22933858494644666,1.2293385849464467
2017-10-16,Test,0.0009707668738412214,1.4692953378345923,0.4692953378345923,0.23025121283443362,1.2302512128344336
2017-10-17,Test,0.003598956553502492,1.4745832679197226,0.4745832679197226,0.23065469042701725,1.2306546904270173
2017-10-18,Test,0.005752896490870267,1.4830663928272338,0.48306639282723385,0.2369518228541272,1.2369518228541272
2017-10-19,Test,-0.004581658054886867,1.476271489742605,0.476271489742605,0.2320380421730186,1.2320380421730186
2017-10-20,Test,-0.0014530153647272866,1.4741264445855002,0.47412644458550024,0.23403141361256896,1.234031413612569
2017-10-23,Test,-0.006134770012663437,1.4650830178783831,0.46508301787838313,0.2282770546135775,1.2282770546135775
2017-10-24,Test,0.0005167708401538354,1.4658401300604273,0.46584013006042735,0.22983812863250241,1.2298381286325024
2017-10-25,Test,3.557883113252919e-05,1.465892282938882,0.4658922829388821,0.23976655939286573,1.2397665593928657
2017-10-26,Test,-0.0019142282521634692,1.463086230516252,0.463086230516252,0.23580863634180638,1.2358086363418064
2017-10-27,Test,0.0022164584203060345,1.4663291003115133,0.4663291003115133,0.236975839377495,1.236975839377495
2017-10-30,Test,5.5906284707567366e-05,1.4664110773236705,0.4664110773236705,0.2389451942936771,1.238945194293677
2017-10-31,Test,-0.0018069966398680467,1.4637612774342814,0.4637612774342814,0.23918055622268408,1.239180556222684
2017-11-01,Test,-0.00026637392486230635,1.4633713695977497,0.4633713695977497,0.24301839665690284,1.2430183966569028
2017-11-02,Test,0.004579996918164887,1.470073605960638,0.4700736059606381,0.24459868389452222,1.2445986838945222
2017-11-03,Test,0.00013149331131176578,1.4702669108069577,0.4702669108069577,0.24436332196551502,1.244363321965515
2017-11-06,Test,0.002280089613947876,1.47361925112002,0.4736192511200199,0.24615975791344735,1.2461597579134474
2017-11-07,Test,-0.00023418754793649868,1.473274147841008,0.4732741478410081,0.2414717325519986,1.2414717325519986
2017-11-08,Test,0.0006479721285613511,1.4742287884265388,0.4742287884265388,0.24035736586772005,1.24035736586772
2017-11-09,Test,0.001496017376599092,1.4764342603111074,0.47643426031110736,0.2415774052548183,1.2415774052548183
2017-11-10,Test,-0.0008226665524439548,1.475219647228267,0.47521964722826704,0.2387098323646697,1.2387098323646697
2017-11-13,Test,-0.003650491371581834,1.4698343706348722,0.4698343706348722,0.2318651232047677,1.2318651232047677
2017-11-14,Test,0.007304127213060615,1.480570227860118,0.48057022786011805,0.24196166962870724,1.2419616696287072
2017-11-15,Test,0.0028200772325333158,1.484745550250873,0.48474555025087307,0.23870022575532235,1.2387002257553223
2017-11-16,Test,-5.963803054662761e-05,1.4846570029503932,0.48465700295039316,0.24028051299294195,1.240280512992942
2017-11-17,Test,0.003748380107083388,1.4902220617260946,0.4902220617260946,0.2483932945866787,1.2483932945866787
2017-11-20,Test,0.001483501590473065,1.4924328085248233,0.4924328085248233,0.24745665017532348,1.2474566501753235
2017-11-21,Test,-0.0007750561492555655,1.4912760892992254,0.4912760892992254,0.25002161487103414,1.2500216148710341
2017-11-22,Test,-0.0014953184790185024,1.4890461566055777,0.4890461566055777,0.24954128440367263,1.2495412844036726
2017-11-24,Test,0.01210452242924258,1.5070703492063875,0.5070703492063875,0.26184735097747525,1.2618473509774752
2017-11-27,Test,0.009394443273676131,1.521228436111446,0.5212284361114461,0.26138143042413464,1.2613814304241346
2017-11-28,Test,0.007224848737525858,1.5322190814575745,0.5322190814575745,0.27171333877708137,1.2717133387770814
2017-11-29,Test,-5.3151836045599585e-05,1.5321376412001708,0.5321376412001708,0.26913876747202337,1.2691387674720234
2017-11-30,Test,-0.006256504973650733,1.5225518144276844,0.5225518144276844,0.2678034487727585,1.2678034487727585
2017-12-01,Test,-0.0052193862888389175,1.5146050283634138,0.5146050283634138,0.26306258705990015,1.2630625870599002
2017-12-04,Test,-0.0005867268996077154,1.5137163688509918,0.5137163688509918,0.26291848791969175,1.2629184879196917
2017-12-05,Test,0.005046350746440071,1.5213551125788414,0.5213551125788414,0.2666218358230492,1.2666218358230492
2017-12-06,Test,0.0061476694085799,1.5307079008640287,0.5307079008640287,0.2735962342091389,1.273596234209139
2017-12-07,Test,0.004034091471210133,1.536882916551818,0.5368829165518181,0.27767423987703843,1.2776742398770384
2017-12-08,Test,-0.002328008655777062,1.5333050398191694,0.5333050398191694,0.2796532014025681,1.279653201402568
2017-12-11,Test,-5.1796902756499346e-05,1.5332256193671259,0.5332256193671259,0.27904798501369243,1.2790479850136924
2017-12-12,Test,-0.005154801161597114,1.5253221461634217,0.5253221461634217,0.27384120274749346,1.2738412027474935
2017-12-13,Test,0.008744180092814226,1.5386598377090326,0.5386598377090326,0.28527306787069806,1.285273067870698
2017-12-14,Test,0.005304587990833993,1.5468217942061224,0.5468217942061224,0.2921658100773361,1.292165810077336
2017-12-15,Test,-0.003947442553723167,1.5407158040326467,0.5407158040326467,0.28799173831596425,1.2879917383159643
2017-12-18,Test,0.00010680230024498233,1.5408803560245414,0.5408803560245414,0.28692540467842176,1.2869254046784218
2017-12-19,Test,0.0013685234554887992,1.542989086933863,0.5429890869338629,0.2894807627647853,1.2894807627647853
2017-12-20,Test,0.0010360397697716378,1.5445876849922502,0.5445876849922502,0.28888995628993075,1.2888899562899307
2017-12-21,Test,-0.000128997717509142,1.5443884367063934,0.5443884367063934,0.28752581776262387,1.2875258177626239
2017-12-22,Test,0.0020684008476743575,1.5475828510580154,0.5475828510580154,0.2885441183534303,1.2885441183534303
2017-12-26,Test,0.003176981210145561,1.5524994926969704,0.5524994926969704,0.29090734425284914,1.2909073442528491
2017-12-27,Test,-0.004484826159318843,1.5455368023597937,0.5455368023597937,0.2842163408425029,1.284216340842503
2017-12-28,Test,0.006042410566078914,1.5548755702646366,0.5548755702646366,0.2948796772179292,1.2948796772179292
2017-12-29,Test,0.0072278488637287355,1.5661139758884135,0.5661139758884135,0.3031653777799159,1.303165377779916
2018-01-02,Test,0.001439639718882961,1.5683686157724002,0.5683686157724002,0.3084153897881776,1.3084153897881776
2018-01-03,Test,0.0051551709616513355,1.5764538241175954,0.5764538241175954,0.3176185215428251,1.317618521542825
2018-01-04,Test,0.003233224111554028,1.581550852632484,0.581550852632484,0.31980882847399394,1.319808828473994
2018-01-05,Test,-0.0033917526255852846,1.576186623375571,0.576186623375571,0.3215284115471484,1.3215284115471484
2018-01-08,Test,-0.00663203376244922,1.5657333004734233,0.5657333004734233,0.32005860031702205,1.320058600317022
2018-01-09,Test,0.0037919679158538943,1.5716705109136024,0.5716705109136024,0.32934338825112075,1.3293433882511207
2018-01-10,Test,0.0019466266355100655,1.5747299665923926,0.5747299665923926,0.3383159613814344,1.3383159613814344
2018-01-11,Test,-0.0008473973958440719,1.5733955445195447,0.5733955445195447,0.33359911619194427,1.3335991161919443
2018-01-12,Test,0.006591866308941572,1.5837671576001018,0.5837671576001018,0.346154954608775,1.346154954608775
2018-01-16,Test,-0.004756883241920328,1.57623336214901,0.5762333621490101,0.3439790575916273,1.3439790575916273
2018-01-17,Test,0.004126889931669583,1.5827383037412246,0.5827383037412246,0.34987271242615336,1.3498727124261534
2018-01-18,Test,0.0063162216845036616,1.5927352297362094,0.5927352297362094,0.3607618041212395,1.3607618041212395
2018-01-19,Test,0.006986276890035835,1.6038625190636613,0.6038625190636613,0.3637206398001869,1.3637206398001869
2018-01-22,Test,0.0007303172755860799,1.6050338475689987,0.6050338475689987,0.3629569143570819,1.3629569143570819
2018-01-23,Test,0.0032390544346182267,1.6102326395706792,0.6102326395706792,0.36377827945627006,1.36377827945627
2018-01-24,Test,0.0038407175690931845,1.6164170883598055,0.6164170883598055,0.379926989768965,1.379926989768965
2018-01-25,Test,-0.007560262377859861,1.604196551059749,0.6041965510597489,0.37063739853019273,1.3706373985301927
2018-01-26,Test,-0.004051355969540849,1.5976973797862961,0.5976973797862961,0.3556991209952485,1.3556991209952485
2018-01-29,Test,0.004288822316418399,1.6045496199636067,0.6045496199636067,0.35636197704020756,1.3563619770402076
2018-01-30,Test,-0.005485029270658197,1.5957486183318828,0.5957486183318828,0.35548297228493597,1.355482972284936
2018-01-31,Test,-0.017487463582778126,1.5678430224815354,0.5678430224815354,0.3267351938133476,1.3267351938133476
2018-02-01,Test,-0.0311684362959199,1.518975807113317,0.518975807113317,0.2723665882126942,1.2723665882126942
2018-02-02,Test,0.014020349221591323,1.5402723783881944,0.5402723783881944,0.29455785580479743,1.2945578558047974
2018-02-05,Test,-0.0029785279400055082,1.5356846340739465,0.5356846340739465,0.2880830011047637,1.2880830011047637
2018-02-07,Test,-0.0014985779850989632,1.5333832908892684,0.5333832908892684,0.3073219006369561,1.307321900636956
